{
  "0": -3.7868753223918077,
  "1": -0.4481918602402606,
  "2": -5.026952097956297
}