{
  "1": -3.7868753223918077,
  "2": -0.4481918602402606,
  "3": -5.026952097956297
}